#param	opt_value	std_err
TN	32555.12765744615	514.4910435276779
NCmxI	1312.8044812722449	285.9801568198609
NCmxF	38461.62164227266	14768.840587469695
