#param	opt_value	std_err
TN	28516.427289582745	517.174446299841
NCmxI	1090.8547689972877	219.92926466322436
NCmxF	39920.042911713055	16166.955145827955
