parameter,value
TN,32555.12765744615
NCmxI,1312.8044812722449
NCmxF,38461.62164227266
