parameter,value
TN,28516.427289582745
NCmxI,1090.8547689972877
NCmxF,39920.042911713055
